"","Class_Name","Sub_Class_Name","Date","NetSales"
"1","Cereals","Boiled Rice","01.08.2014",69897.231
"2","Cereals","Boiled Rice","01.09.2014",98679.4361
"3","Cereals","Boiled Rice","01.10.2014",84924.519
"4","Cereals","Boiled Rice","01.11.2014",104534.786
"5","Cereals","Boiled Rice","02.08.2014",126747.2843
"6","Cereals","Boiled Rice","02.09.2014",91373.9182
"7","Cereals","Boiled Rice","02.10.2014",104371.775
"8","Cereals","Boiled Rice","02.11.2014",149913.0017
"9","Cereals","Boiled Rice","03.08.2014",156980.1941
"10","Cereals","Boiled Rice","03.09.2014",85905.452
"11","Cereals","Boiled Rice","03.10.2014",79624.1099
"12","Cereals","Boiled Rice","03.11.2014",78272.244
"13","Cereals","Boiled Rice","04.08.2014",93307.9956
"14","Cereals","Boiled Rice","04.09.2014",86912.994
"15","Cereals","Boiled Rice","04.10.2014",94014.6902
"16","Cereals","Boiled Rice","04.11.2014",96637.9679
"17","Cereals","Boiled Rice","05.08.2014",74100.248
"18","Cereals","Boiled Rice","05.09.2014",63244.763
"19","Cereals","Boiled Rice","05.10.2014",121193.613
"20","Cereals","Boiled Rice","05.11.2014",83932.1581
"21","Cereals","Boiled Rice","06.08.2014",64661.7025
"22","Cereals","Boiled Rice","06.09.2014",124543.8703
"23","Cereals","Boiled Rice","06.10.2014",91404.12
"24","Cereals","Boiled Rice","06.11.2014",71605.0229
"25","Cereals","Boiled Rice","07.08.2014",66482.025
"26","Cereals","Boiled Rice","07.09.2014",116093.9653
"27","Cereals","Boiled Rice","07.10.2014",67475.0269
"28","Cereals","Boiled Rice","07.11.2014",61107.0491
"29","Cereals","Boiled Rice","08.08.2014",41360.4801
"30","Cereals","Boiled Rice","08.09.2014",72663.631
"31","Cereals","Boiled Rice","08.10.2014",76715.208
"32","Cereals","Boiled Rice","08.11.2014",106169.8545
"33","Cereals","Boiled Rice","09.08.2014",103738.2025
"34","Cereals","Boiled Rice","09.09.2014",76070.62
"35","Cereals","Boiled Rice","09.10.2014",81017.3388
"36","Cereals","Boiled Rice","09.11.2014",120131.9391
"37","Cereals","Boiled Rice","10.08.2014",104893.9284
"38","Cereals","Boiled Rice","10.09.2014",61754.6332
"39","Cereals","Boiled Rice","10.10.2014",64068.985
"40","Cereals","Boiled Rice","10.11.2014",56566.099
"41","Cereals","Boiled Rice","11.08.2014",63282.3639
"42","Cereals","Boiled Rice","11.09.2014",58469.0391
"43","Cereals","Boiled Rice","11.10.2014",102369.9518
"44","Cereals","Boiled Rice","11.11.2014",65231.2824
"45","Cereals","Boiled Rice","12.08.2014",63097.98
"46","Cereals","Boiled Rice","12.09.2014",51945.9574
"47","Cereals","Boiled Rice","12.10.2014",129610.8711
"48","Cereals","Boiled Rice","12.11.2014",43833.478
"49","Cereals","Boiled Rice","13.08.2014",55428.128
"50","Cereals","Boiled Rice","13.09.2014",81519.9574
"51","Cereals","Boiled Rice","13.10.2014",64856.2983
"52","Cereals","Boiled Rice","13.11.2014",64589.235
"53","Cereals","Boiled Rice","14.08.2014",53434.3133
"54","Cereals","Boiled Rice","14.09.2014",108177.4201
"55","Cereals","Boiled Rice","14.10.2014",69794.034
"56","Cereals","Boiled Rice","14.11.2014",52991.3443
"57","Cereals","Boiled Rice","15.08.2014",72418.75
"58","Cereals","Boiled Rice","15.09.2014",53733.9368
"59","Cereals","Boiled Rice","15.10.2014",69535.276
"60","Cereals","Boiled Rice","15.11.2014",74977.537
"61","Cereals","Boiled Rice","16.08.2014",87333.7634
"62","Cereals","Boiled Rice","16.09.2014",59140.44
"63","Cereals","Boiled Rice","16.10.2014",68814.0854
"64","Cereals","Boiled Rice","16.11.2014",103427.5694
"65","Cereals","Boiled Rice","17.08.2014",86874.086
"66","Cereals","Boiled Rice","17.09.2014",52332.554
"67","Cereals","Boiled Rice","17.10.2014",44220.082
"68","Cereals","Boiled Rice","17.11.2014",67013.676
"69","Cereals","Boiled Rice","18.08.2014",55107.3609
"70","Cereals","Boiled Rice","18.09.2014",49996.9584
"71","Cereals","Boiled Rice","18.10.2014",87848.6745
"72","Cereals","Boiled Rice","18.11.2014",53675.304
"73","Cereals","Boiled Rice","19.08.2014",57605.978
"74","Cereals","Boiled Rice","19.09.2014",47112.5193
"75","Cereals","Boiled Rice","19.10.2014",114458.2603
"76","Cereals","Boiled Rice","20.08.2014",61509.597
"77","Cereals","Boiled Rice","20.09.2014",82209.9284
"78","Cereals","Boiled Rice","20.10.2014",74049.3519
"79","Cereals","Boiled Rice","21.08.2014",45588.4
"80","Cereals","Boiled Rice","21.09.2014",100677.8804
"81","Cereals","Boiled Rice","21.10.2014",73151.4523
"82","Cereals","Boiled Rice","22.08.2014",56454.185
"83","Cereals","Boiled Rice","22.09.2014",60755.0699
"84","Cereals","Boiled Rice","22.10.2014",36941.581
"85","Cereals","Boiled Rice","23.08.2014",69073.069
"86","Cereals","Boiled Rice","23.09.2014",39946.9701
"87","Cereals","Boiled Rice","23.10.2014",52797.2098
"88","Cereals","Boiled Rice","24.08.2014",95182.3421
"89","Cereals","Boiled Rice","24.09.2014",50448.1091
"90","Cereals","Boiled Rice","24.10.2014",59207.1715
"91","Cereals","Boiled Rice","25.08.2014",50229.483
"92","Cereals","Boiled Rice","25.09.2014",49236.652
"93","Cereals","Boiled Rice","25.10.2014",76525.7534
"94","Cereals","Boiled Rice","26.08.2014",47231.155
"95","Cereals","Boiled Rice","26.09.2014",53200.53
"96","Cereals","Boiled Rice","26.10.2014",87880.4729
"97","Cereals","Boiled Rice","27.08.2014",53200.5834
"98","Cereals","Boiled Rice","27.09.2014",39773.3258
"99","Cereals","Boiled Rice","27.10.2014",55788.154
"100","Cereals","Boiled Rice","28.08.2014",62971.8788
"101","Cereals","Boiled Rice","28.09.2014",108395.541
"102","Cereals","Boiled Rice","28.10.2014",54873.119
"103","Cereals","Boiled Rice","29.08.2014",53618.169
"104","Cereals","Boiled Rice","29.09.2014",67647.5173
"105","Cereals","Boiled Rice","29.10.2014",54697.538
"106","Cereals","Boiled Rice","30.08.2014",87548.488
"107","Cereals","Boiled Rice","30.09.2014",79362.5176
"108","Cereals","Boiled Rice","30.10.2014",56111.4525
"109","Cereals","Boiled Rice","31.08.2014",116489.3084
"110","Cereals","Boiled Rice","31.10.2014",53540.113
"111","Cereals","Raw Rice","01.08.2014",78180.6599
"112","Cereals","Raw Rice","01.09.2014",112157.2815
"113","Cereals","Raw Rice","01.10.2014",104898.9336
"114","Cereals","Raw Rice","01.11.2014",104598.406
"115","Cereals","Raw Rice","02.08.2014",155813.4957
"116","Cereals","Raw Rice","02.09.2014",114588.749
"117","Cereals","Raw Rice","02.10.2014",105223.145
"118","Cereals","Raw Rice","02.11.2014",112218.326
"119","Cereals","Raw Rice","03.08.2014",158402.575
"120","Cereals","Raw Rice","03.09.2014",77897.0272
"121","Cereals","Raw Rice","03.10.2014",100962.168
"122","Cereals","Raw Rice","03.11.2014",80313.116
"123","Cereals","Raw Rice","04.08.2014",102126.563
"124","Cereals","Raw Rice","04.09.2014",85402.232
"125","Cereals","Raw Rice","04.10.2014",118087.061
"126","Cereals","Raw Rice","04.11.2014",73987.1375
"127","Cereals","Raw Rice","05.08.2014",94908.271
"128","Cereals","Raw Rice","05.09.2014",82862.214
"129","Cereals","Raw Rice","05.10.2014",133122.5123
"130","Cereals","Raw Rice","05.11.2014",72462.745
"131","Cereals","Raw Rice","06.08.2014",72440.863
"132","Cereals","Raw Rice","06.09.2014",139672.7968
"133","Cereals","Raw Rice","06.10.2014",110507.808
"134","Cereals","Raw Rice","06.11.2014",65997.063
"135","Cereals","Raw Rice","07.08.2014",100747.46
"136","Cereals","Raw Rice","07.09.2014",140248.874
"137","Cereals","Raw Rice","07.10.2014",90903.029
"138","Cereals","Raw Rice","07.11.2014",51308.801
"139","Cereals","Raw Rice","08.08.2014",34411.7521
"140","Cereals","Raw Rice","08.09.2014",86454.541
"141","Cereals","Raw Rice","08.10.2014",74887.567
"142","Cereals","Raw Rice","08.11.2014",80315.032
"143","Cereals","Raw Rice","09.08.2014",147314.169
"144","Cereals","Raw Rice","09.09.2014",79577.017
"145","Cereals","Raw Rice","09.10.2014",96443.852
"146","Cereals","Raw Rice","09.11.2014",76361.502
"147","Cereals","Raw Rice","10.08.2014",123390.8639
"148","Cereals","Raw Rice","10.09.2014",73522.479
"149","Cereals","Raw Rice","10.10.2014",82948.955
"150","Cereals","Raw Rice","10.11.2014",52093.5531
"151","Cereals","Raw Rice","11.08.2014",79088.015
"152","Cereals","Raw Rice","11.09.2014",60371.687
"153","Cereals","Raw Rice","11.10.2014",99954.434
"154","Cereals","Raw Rice","11.11.2014",42954.6277
"155","Cereals","Raw Rice","12.08.2014",63974.449
"156","Cereals","Raw Rice","12.09.2014",59353.734
"157","Cereals","Raw Rice","12.10.2014",138723.3762
"158","Cereals","Raw Rice","12.11.2014",28726.848
"159","Cereals","Raw Rice","13.08.2014",73638.555
"160","Cereals","Raw Rice","13.09.2014",111792.387
"161","Cereals","Raw Rice","13.10.2014",66541.9463
"162","Cereals","Raw Rice","13.11.2014",41492.447
"163","Cereals","Raw Rice","14.08.2014",55955.46
"164","Cereals","Raw Rice","14.09.2014",112442.159
"165","Cereals","Raw Rice","14.10.2014",56476.2687
"166","Cereals","Raw Rice","14.11.2014",36897
"167","Cereals","Raw Rice","15.08.2014",78866.2067
"168","Cereals","Raw Rice","15.09.2014",55097.846
"169","Cereals","Raw Rice","15.10.2014",73487.664
"170","Cereals","Raw Rice","15.11.2014",60615.869
"171","Cereals","Raw Rice","16.08.2014",100165.8205
"172","Cereals","Raw Rice","16.09.2014",65364.127
"173","Cereals","Raw Rice","16.10.2014",73387.917
"174","Cereals","Raw Rice","16.11.2014",63355.472
"175","Cereals","Raw Rice","17.08.2014",95409.817
"176","Cereals","Raw Rice","17.09.2014",60503.6211
"177","Cereals","Raw Rice","17.10.2014",36527.213
"178","Cereals","Raw Rice","17.11.2014",35901.0353
"179","Cereals","Raw Rice","18.08.2014",58513.201
"180","Cereals","Raw Rice","18.09.2014",68916.639
"181","Cereals","Raw Rice","18.10.2014",81596.872
"182","Cereals","Raw Rice","18.11.2014",42014.9673
"183","Cereals","Raw Rice","19.08.2014",51274.417
"184","Cereals","Raw Rice","19.09.2014",68189.306
"185","Cereals","Raw Rice","19.10.2014",93136.876
"186","Cereals","Raw Rice","20.08.2014",43983.116
"187","Cereals","Raw Rice","20.09.2014",97729.6295
"188","Cereals","Raw Rice","20.10.2014",51772.744
"189","Cereals","Raw Rice","21.08.2014",62241.262
"190","Cereals","Raw Rice","21.09.2014",105355.3259
"191","Cereals","Raw Rice","21.10.2014",61711.3448
"192","Cereals","Raw Rice","22.08.2014",55348.209
"193","Cereals","Raw Rice","22.09.2014",72375.84
"194","Cereals","Raw Rice","22.10.2014",23468.75
"195","Cereals","Raw Rice","23.08.2014",82151.5643
"196","Cereals","Raw Rice","23.09.2014",57249.276
"197","Cereals","Raw Rice","23.10.2014",54429.2543
"198","Cereals","Raw Rice","24.08.2014",107685.4019
"199","Cereals","Raw Rice","24.09.2014",60726.333
"200","Cereals","Raw Rice","24.10.2014",48364.012
"201","Cereals","Raw Rice","25.08.2014",70187.774
"202","Cereals","Raw Rice","25.09.2014",58836.234
"203","Cereals","Raw Rice","25.10.2014",49321.146
"204","Cereals","Raw Rice","26.08.2014",86625.4649
"205","Cereals","Raw Rice","26.09.2014",61975.3581
"206","Cereals","Raw Rice","26.10.2014",76834.948
"207","Cereals","Raw Rice","27.08.2014",70454.141
"208","Cereals","Raw Rice","27.09.2014",47063.508
"209","Cereals","Raw Rice","27.10.2014",41899.4667
"210","Cereals","Raw Rice","28.08.2014",81828.3345
"211","Cereals","Raw Rice","28.09.2014",141787.091
"212","Cereals","Raw Rice","28.10.2014",43099.832
"213","Cereals","Raw Rice","29.08.2014",60453.7885
"214","Cereals","Raw Rice","29.09.2014",72754.987
"215","Cereals","Raw Rice","29.10.2014",36221.109
"216","Cereals","Raw Rice","30.08.2014",91352.202
"217","Cereals","Raw Rice","30.09.2014",75535.74
"218","Cereals","Raw Rice","30.10.2014",48137.3238
"219","Cereals","Raw Rice","31.08.2014",120188.9638
"220","Cereals","Raw Rice","31.10.2014",40221.295
"221","Cereals","Wheat","01.08.2014",2179
"222","Cereals","Wheat","01.09.2014",7008
"223","Cereals","Wheat","01.10.2014",3842
"224","Cereals","Wheat","01.11.2014",5650.9
"225","Cereals","Wheat","02.08.2014",7882
"226","Cereals","Wheat","02.09.2014",4445
"227","Cereals","Wheat","02.10.2014",4885.9
"228","Cereals","Wheat","02.11.2014",5457
"229","Cereals","Wheat","03.08.2014",7793
"230","Cereals","Wheat","03.09.2014",2718
"231","Cereals","Wheat","03.10.2014",3704
"232","Cereals","Wheat","03.11.2014",4559
"233","Cereals","Wheat","04.08.2014",4895
"234","Cereals","Wheat","04.09.2014",4080
"235","Cereals","Wheat","04.10.2014",6580
"236","Cereals","Wheat","04.11.2014",4334
"237","Cereals","Wheat","05.08.2014",3751
"238","Cereals","Wheat","05.09.2014",2448
"239","Cereals","Wheat","05.10.2014",4685
"240","Cereals","Wheat","05.11.2014",4111
"241","Cereals","Wheat","06.08.2014",4289
"242","Cereals","Wheat","06.09.2014",3868.6
"243","Cereals","Wheat","06.10.2014",3729
"244","Cereals","Wheat","06.11.2014",3994.5
"245","Cereals","Wheat","07.08.2014",2672
"246","Cereals","Wheat","07.09.2014",4179
"247","Cereals","Wheat","07.10.2014",1888
"248","Cereals","Wheat","07.11.2014",3997
"249","Cereals","Wheat","08.08.2014",1842
"250","Cereals","Wheat","08.09.2014",4445
"251","Cereals","Wheat","08.10.2014",5517.25
"252","Cereals","Wheat","08.11.2014",3818
"253","Cereals","Wheat","09.08.2014",6610.4
"254","Cereals","Wheat","09.09.2014",4739
"255","Cereals","Wheat","09.10.2014",4041
"256","Cereals","Wheat","09.11.2014",4559
"257","Cereals","Wheat","10.08.2014",2559
"258","Cereals","Wheat","10.09.2014",3840
"259","Cereals","Wheat","10.10.2014",2942
"260","Cereals","Wheat","10.11.2014",3526
"261","Cereals","Wheat","11.08.2014",2786
"262","Cereals","Wheat","11.09.2014",1820
"263","Cereals","Wheat","11.10.2014",3280
"264","Cereals","Wheat","11.11.2014",4918
"265","Cereals","Wheat","12.08.2014",2740
"266","Cereals","Wheat","12.09.2014",2517
"267","Cereals","Wheat","12.10.2014",5344
"268","Cereals","Wheat","12.11.2014",2470
"269","Cereals","Wheat","13.08.2014",4177
"270","Cereals","Wheat","13.09.2014",4583
"271","Cereals","Wheat","13.10.2014",2401.75
"272","Cereals","Wheat","13.11.2014",1280
"273","Cereals","Wheat","14.08.2014",2650
"274","Cereals","Wheat","14.09.2014",5683
"275","Cereals","Wheat","14.10.2014",2888
"276","Cereals","Wheat","14.11.2014",3278
"277","Cereals","Wheat","15.08.2014",4110
"278","Cereals","Wheat","15.09.2014",2381
"279","Cereals","Wheat","15.10.2014",3370
"280","Cereals","Wheat","15.11.2014",6194.75
"281","Cereals","Wheat","16.08.2014",4426
"282","Cereals","Wheat","16.09.2014",1662
"283","Cereals","Wheat","16.10.2014",2964
"284","Cereals","Wheat","16.11.2014",6220
"285","Cereals","Wheat","17.08.2014",3144
"286","Cereals","Wheat","17.09.2014",831
"287","Cereals","Wheat","17.10.2014",2224
"288","Cereals","Wheat","17.11.2014",3617
"289","Cereals","Wheat","18.08.2014",2874
"290","Cereals","Wheat","18.09.2014",1393
"291","Cereals","Wheat","18.10.2014",2879.6
"292","Cereals","Wheat","18.11.2014",3135
"293","Cereals","Wheat","19.08.2014",2515
"294","Cereals","Wheat","19.09.2014",2808
"295","Cereals","Wheat","19.10.2014",3234
"296","Cereals","Wheat","20.08.2014",2089
"297","Cereals","Wheat","20.09.2014",4065
"298","Cereals","Wheat","20.10.2014",2290
"299","Cereals","Wheat","21.08.2014",2649
"300","Cereals","Wheat","21.09.2014",4493
"301","Cereals","Wheat","21.10.2014",1932
"302","Cereals","Wheat","22.08.2014",2313
"303","Cereals","Wheat","22.09.2014",1977
"304","Cereals","Wheat","22.10.2014",225
"305","Cereals","Wheat","23.08.2014",3661
"306","Cereals","Wheat","23.09.2014",1977
"307","Cereals","Wheat","23.10.2014",2628
"308","Cereals","Wheat","24.08.2014",4505
"309","Cereals","Wheat","24.09.2014",3727
"310","Cereals","Wheat","24.10.2014",1055
"311","Cereals","Wheat","25.08.2014",3503
"312","Cereals","Wheat","25.09.2014",2314
"313","Cereals","Wheat","25.10.2014",3504
"314","Cereals","Wheat","26.08.2014",1685
"315","Cereals","Wheat","26.09.2014",3212
"316","Cereals","Wheat","26.10.2014",2292
"317","Cereals","Wheat","27.08.2014",2470
"318","Cereals","Wheat","27.09.2014",292
"319","Cereals","Wheat","27.10.2014",3952
"320","Cereals","Wheat","28.08.2014",2403
"321","Cereals","Wheat","28.09.2014",3458
"322","Cereals","Wheat","28.10.2014",4290
"323","Cereals","Wheat","29.08.2014",944
"324","Cereals","Wheat","29.09.2014",3301
"325","Cereals","Wheat","29.10.2014",3591.75
"326","Cereals","Wheat","30.08.2014",3997
"327","Cereals","Wheat","30.09.2014",5030
"328","Cereals","Wheat","30.10.2014",3009
"329","Cereals","Wheat","31.08.2014",4716
"330","Cereals","Wheat","31.10.2014",3706
"331","Flours","Besan (Chana Flour)","01.08.2014",1868.65
"332","Flours","Besan (Chana Flour)","01.09.2014",2190.4
"333","Flours","Besan (Chana Flour)","01.10.2014",3443.9
"334","Flours","Besan (Chana Flour)","01.11.2014",3814
"335","Flours","Besan (Chana Flour)","02.08.2014",4827.88
"336","Flours","Besan (Chana Flour)","02.09.2014",2661.3
"337","Flours","Besan (Chana Flour)","02.10.2014",3099.9
"338","Flours","Besan (Chana Flour)","02.11.2014",4862.3
"339","Flours","Besan (Chana Flour)","03.08.2014",4603.2
"340","Flours","Besan (Chana Flour)","03.09.2014",1854.8
"341","Flours","Besan (Chana Flour)","03.10.2014",2879.9
"342","Flours","Besan (Chana Flour)","03.11.2014",2988.65
"343","Flours","Besan (Chana Flour)","04.08.2014",1866
"344","Flours","Besan (Chana Flour)","04.09.2014",2309.68
"345","Flours","Besan (Chana Flour)","04.10.2014",3179.9
"346","Flours","Besan (Chana Flour)","04.11.2014",2850.9
"347","Flours","Besan (Chana Flour)","05.08.2014",3164
"348","Flours","Besan (Chana Flour)","05.09.2014",2148.08
"349","Flours","Besan (Chana Flour)","05.10.2014",3991.9
"350","Flours","Besan (Chana Flour)","05.11.2014",2029.8
"351","Flours","Besan (Chana Flour)","06.08.2014",2078
"352","Flours","Besan (Chana Flour)","06.09.2014",3728.72
"353","Flours","Besan (Chana Flour)","06.10.2014",2734.55
"354","Flours","Besan (Chana Flour)","06.11.2014",2295
"355","Flours","Besan (Chana Flour)","07.08.2014",2266.1
"356","Flours","Besan (Chana Flour)","07.09.2014",4049.65
"357","Flours","Besan (Chana Flour)","07.10.2014",1760
"358","Flours","Besan (Chana Flour)","07.11.2014",2280.75
"359","Flours","Besan (Chana Flour)","08.08.2014",994
"360","Flours","Besan (Chana Flour)","08.09.2014",1787.3
"361","Flours","Besan (Chana Flour)","08.10.2014",1462
"362","Flours","Besan (Chana Flour)","08.11.2014",3039.2
"363","Flours","Besan (Chana Flour)","09.08.2014",4012.44
"364","Flours","Besan (Chana Flour)","09.09.2014",2350
"365","Flours","Besan (Chana Flour)","09.10.2014",2076
"366","Flours","Besan (Chana Flour)","09.11.2014",3513.72
"367","Flours","Besan (Chana Flour)","10.08.2014",3427.67
"368","Flours","Besan (Chana Flour)","10.09.2014",1991.15
"369","Flours","Besan (Chana Flour)","10.10.2014",1592
"370","Flours","Besan (Chana Flour)","10.11.2014",1951
"371","Flours","Besan (Chana Flour)","11.08.2014",2133.5
"372","Flours","Besan (Chana Flour)","11.09.2014",1799.15
"373","Flours","Besan (Chana Flour)","11.10.2014",3698.5
"374","Flours","Besan (Chana Flour)","11.11.2014",1981
"375","Flours","Besan (Chana Flour)","12.08.2014",1910.3
"376","Flours","Besan (Chana Flour)","12.09.2014",2128.8
"377","Flours","Besan (Chana Flour)","12.10.2014",3804.9
"378","Flours","Besan (Chana Flour)","12.11.2014",1321
"379","Flours","Besan (Chana Flour)","13.08.2014",1870.95
"380","Flours","Besan (Chana Flour)","13.09.2014",2719.4
"381","Flours","Besan (Chana Flour)","13.10.2014",2798
"382","Flours","Besan (Chana Flour)","13.11.2014",1903.85
"383","Flours","Besan (Chana Flour)","14.08.2014",2050
"384","Flours","Besan (Chana Flour)","14.09.2014",3795.6
"385","Flours","Besan (Chana Flour)","14.10.2014",2317.9
"386","Flours","Besan (Chana Flour)","14.11.2014",1939.12
"387","Flours","Besan (Chana Flour)","15.08.2014",3225.1
"388","Flours","Besan (Chana Flour)","15.09.2014",1383.6
"389","Flours","Besan (Chana Flour)","15.10.2014",2509.9
"390","Flours","Besan (Chana Flour)","15.11.2014",2744.02
"391","Flours","Besan (Chana Flour)","16.08.2014",4477.3
"392","Flours","Besan (Chana Flour)","16.09.2014",1652.2
"393","Flours","Besan (Chana Flour)","16.10.2014",2932
"394","Flours","Besan (Chana Flour)","16.11.2014",2708.12
"395","Flours","Besan (Chana Flour)","17.08.2014",3341.7
"396","Flours","Besan (Chana Flour)","17.09.2014",1182
"397","Flours","Besan (Chana Flour)","17.10.2014",2080.8
"398","Flours","Besan (Chana Flour)","17.11.2014",1297.12
"399","Flours","Besan (Chana Flour)","18.08.2014",1248.98
"400","Flours","Besan (Chana Flour)","18.09.2014",1364
"401","Flours","Besan (Chana Flour)","18.10.2014",7077.7
"402","Flours","Besan (Chana Flour)","18.11.2014",1411.9
"403","Flours","Besan (Chana Flour)","19.08.2014",1054
"404","Flours","Besan (Chana Flour)","19.09.2014",1275
"405","Flours","Besan (Chana Flour)","19.10.2014",9587.7
"406","Flours","Besan (Chana Flour)","20.08.2014",1138.4
"407","Flours","Besan (Chana Flour)","20.09.2014",2300
"408","Flours","Besan (Chana Flour)","20.10.2014",4250.9
"409","Flours","Besan (Chana Flour)","21.08.2014",1181.6
"410","Flours","Besan (Chana Flour)","21.09.2014",2182
"411","Flours","Besan (Chana Flour)","21.10.2014",4589.6
"412","Flours","Besan (Chana Flour)","22.08.2014",1414.6
"413","Flours","Besan (Chana Flour)","22.09.2014",1333.75
"414","Flours","Besan (Chana Flour)","22.10.2014",1441
"415","Flours","Besan (Chana Flour)","23.08.2014",2066.96
"416","Flours","Besan (Chana Flour)","23.09.2014",942
"417","Flours","Besan (Chana Flour)","23.10.2014",1605.9
"418","Flours","Besan (Chana Flour)","24.08.2014",2543.8
"419","Flours","Besan (Chana Flour)","24.09.2014",1248
"420","Flours","Besan (Chana Flour)","24.10.2014",1692.9
"421","Flours","Besan (Chana Flour)","25.08.2014",1819.7
"422","Flours","Besan (Chana Flour)","25.09.2014",1254.65
"423","Flours","Besan (Chana Flour)","25.10.2014",2195
"424","Flours","Besan (Chana Flour)","26.08.2014",1920.4
"425","Flours","Besan (Chana Flour)","26.09.2014",1294
"426","Flours","Besan (Chana Flour)","26.10.2014",2434
"427","Flours","Besan (Chana Flour)","27.08.2014",1674.8
"428","Flours","Besan (Chana Flour)","27.09.2014",962
"429","Flours","Besan (Chana Flour)","27.10.2014",1421
"430","Flours","Besan (Chana Flour)","28.08.2014",2142.1
"431","Flours","Besan (Chana Flour)","28.09.2014",2891
"432","Flours","Besan (Chana Flour)","28.10.2014",1231
"433","Flours","Besan (Chana Flour)","29.08.2014",1811.6
"434","Flours","Besan (Chana Flour)","29.09.2014",1777
"435","Flours","Besan (Chana Flour)","29.10.2014",1316
"436","Flours","Besan (Chana Flour)","30.08.2014",3204.5
"437","Flours","Besan (Chana Flour)","30.09.2014",2052
"438","Flours","Besan (Chana Flour)","30.10.2014",1479
"439","Flours","Besan (Chana Flour)","31.08.2014",2894
"440","Flours","Besan (Chana Flour)","31.10.2014",1402
"441","Pulses","Chana Dal","01.08.2014",12746.799
"442","Pulses","Chana Dal","01.09.2014",12554.7925
"443","Pulses","Chana Dal","01.10.2014",20728.824
"444","Pulses","Chana Dal","01.11.2014",18067.601
"445","Pulses","Chana Dal","02.08.2014",23038.638
"446","Pulses","Chana Dal","02.09.2014",13456.3465
"447","Pulses","Chana Dal","02.10.2014",21191.457
"448","Pulses","Chana Dal","02.11.2014",20788.969
"449","Pulses","Chana Dal","03.08.2014",22445.605
"450","Pulses","Chana Dal","03.09.2014",8615.4525
"451","Pulses","Chana Dal","03.10.2014",20276.6609
"452","Pulses","Chana Dal","03.11.2014",13215.653
"453","Pulses","Chana Dal","04.08.2014",15510.751
"454","Pulses","Chana Dal","04.09.2014",13469.102
"455","Pulses","Chana Dal","04.10.2014",18657.519
"456","Pulses","Chana Dal","04.11.2014",13269.12
"457","Pulses","Chana Dal","05.08.2014",13043.28
"458","Pulses","Chana Dal","05.09.2014",10560.6635
"459","Pulses","Chana Dal","05.10.2014",19319.975
"460","Pulses","Chana Dal","05.11.2014",10222.05
"461","Pulses","Chana Dal","06.08.2014",11826.008
"462","Pulses","Chana Dal","06.09.2014",21457.73
"463","Pulses","Chana Dal","06.10.2014",14515.642
"464","Pulses","Chana Dal","06.11.2014",9345.32
"465","Pulses","Chana Dal","07.08.2014",14552.422
"466","Pulses","Chana Dal","07.09.2014",21442.559
"467","Pulses","Chana Dal","07.10.2014",13304.308
"468","Pulses","Chana Dal","07.11.2014",7741.1
"469","Pulses","Chana Dal","08.08.2014",5773.576
"470","Pulses","Chana Dal","08.09.2014",10437.6325
"471","Pulses","Chana Dal","08.10.2014",13007.623
"472","Pulses","Chana Dal","08.11.2014",14511.6
"473","Pulses","Chana Dal","09.08.2014",21923.5246
"474","Pulses","Chana Dal","09.09.2014",10155.9221
"475","Pulses","Chana Dal","09.10.2014",12668.304
"476","Pulses","Chana Dal","09.11.2014",14056.35
"477","Pulses","Chana Dal","10.08.2014",17612.586
"478","Pulses","Chana Dal","10.09.2014",9995.75
"479","Pulses","Chana Dal","10.10.2014",11456.347
"480","Pulses","Chana Dal","10.11.2014",7708.75
"481","Pulses","Chana Dal","11.08.2014",9386.6325
"482","Pulses","Chana Dal","11.09.2014",8251.95
"483","Pulses","Chana Dal","11.10.2014",16799.057
"484","Pulses","Chana Dal","11.11.2014",7323.15
"485","Pulses","Chana Dal","12.08.2014",9635.5035
"486","Pulses","Chana Dal","12.09.2014",7668.35
"487","Pulses","Chana Dal","12.10.2014",20341.134
"488","Pulses","Chana Dal","12.11.2014",6182.05
"489","Pulses","Chana Dal","13.08.2014",8712.111
"490","Pulses","Chana Dal","13.09.2014",13782.7101
"491","Pulses","Chana Dal","13.10.2014",14504.078
"492","Pulses","Chana Dal","13.11.2014",6281.22
"493","Pulses","Chana Dal","14.08.2014",8460.048
"494","Pulses","Chana Dal","14.09.2014",14054.65
"495","Pulses","Chana Dal","14.10.2014",11478.668
"496","Pulses","Chana Dal","14.11.2014",7858.4
"497","Pulses","Chana Dal","15.08.2014",11237.63
"498","Pulses","Chana Dal","15.09.2014",6807.15
"499","Pulses","Chana Dal","15.10.2014",10773.587
"500","Pulses","Chana Dal","15.11.2014",11510.85
"501","Pulses","Chana Dal","16.08.2014",12223.3145
"502","Pulses","Chana Dal","16.09.2014",8917.6
"503","Pulses","Chana Dal","16.10.2014",14577.715
"504","Pulses","Chana Dal","16.11.2014",11732.27
"505","Pulses","Chana Dal","17.08.2014",11653.8005
"506","Pulses","Chana Dal","17.09.2014",6803.2
"507","Pulses","Chana Dal","17.10.2014",9016.312
"508","Pulses","Chana Dal","17.11.2014",6380.55
"509","Pulses","Chana Dal","18.08.2014",6029.867
"510","Pulses","Chana Dal","18.09.2014",6091.45
"511","Pulses","Chana Dal","18.10.2014",19094.922
"512","Pulses","Chana Dal","18.11.2014",6118.25
"513","Pulses","Chana Dal","19.08.2014",5269.91
"514","Pulses","Chana Dal","19.09.2014",8597.5
"515","Pulses","Chana Dal","19.10.2014",24466.7199
"516","Pulses","Chana Dal","20.08.2014",5733.38
"517","Pulses","Chana Dal","20.09.2014",10600.45
"518","Pulses","Chana Dal","20.10.2014",17654.19
"519","Pulses","Chana Dal","21.08.2014",4937.47
"520","Pulses","Chana Dal","21.09.2014",11953.25
"521","Pulses","Chana Dal","21.10.2014",26103.443
"522","Pulses","Chana Dal","22.08.2014",5541.0465
"523","Pulses","Chana Dal","22.09.2014",8756.4
"524","Pulses","Chana Dal","22.10.2014",5929.273
"525","Pulses","Chana Dal","23.08.2014",9862.45
"526","Pulses","Chana Dal","23.09.2014",6621.29
"527","Pulses","Chana Dal","23.10.2014",5692.484
"528","Pulses","Chana Dal","24.08.2014",11201.615
"529","Pulses","Chana Dal","24.09.2014",7351.8
"530","Pulses","Chana Dal","24.10.2014",5196.541
"531","Pulses","Chana Dal","25.08.2014",7072.7335
"532","Pulses","Chana Dal","25.09.2014",5770.95
"533","Pulses","Chana Dal","25.10.2014",6940.495
"534","Pulses","Chana Dal","26.08.2014",7986.449
"535","Pulses","Chana Dal","26.09.2014",7807.35
"536","Pulses","Chana Dal","26.10.2014",8102.029
"537","Pulses","Chana Dal","27.08.2014",10421.213
"538","Pulses","Chana Dal","27.09.2014",5120.08
"539","Pulses","Chana Dal","27.10.2014",5200.581
"540","Pulses","Chana Dal","28.08.2014",17722.465
"541","Pulses","Chana Dal","28.09.2014",17255.5
"542","Pulses","Chana Dal","28.10.2014",4395.815
"543","Pulses","Chana Dal","29.08.2014",9366.852
"544","Pulses","Chana Dal","29.09.2014",9284.82
"545","Pulses","Chana Dal","29.10.2014",6006.267
"546","Pulses","Chana Dal","30.08.2014",10344.854
"547","Pulses","Chana Dal","30.09.2014",10177.384
"548","Pulses","Chana Dal","30.10.2014",5946.89
"549","Pulses","Chana Dal","31.08.2014",13122.5186
"550","Pulses","Chana Dal","31.10.2014",6557.159
"551","Pulses","Moong Dal","01.08.2014",19347.74
"552","Pulses","Moong Dal","01.09.2014",22221.58
"553","Pulses","Moong Dal","01.10.2014",23378.79
"554","Pulses","Moong Dal","01.11.2014",29713.3601
"555","Pulses","Moong Dal","02.08.2014",33882.19
"556","Pulses","Moong Dal","02.09.2014",23665.75
"557","Pulses","Moong Dal","02.10.2014",26991.61
"558","Pulses","Moong Dal","02.11.2014",39176.01
"559","Pulses","Moong Dal","03.08.2014",35727.32
"560","Pulses","Moong Dal","03.09.2014",16416.05
"561","Pulses","Moong Dal","03.10.2014",25229.7
"562","Pulses","Moong Dal","03.11.2014",20969.54
"563","Pulses","Moong Dal","04.08.2014",22514.23
"564","Pulses","Moong Dal","04.09.2014",20899.82
"565","Pulses","Moong Dal","04.10.2014",29846.34
"566","Pulses","Moong Dal","04.11.2014",23421.18
"567","Pulses","Moong Dal","05.08.2014",19617.92
"568","Pulses","Moong Dal","05.09.2014",20987.8
"569","Pulses","Moong Dal","05.10.2014",29697.58
"570","Pulses","Moong Dal","05.11.2014",16696.65
"571","Pulses","Moong Dal","06.08.2014",18589.5
"572","Pulses","Moong Dal","06.09.2014",33465.65
"573","Pulses","Moong Dal","06.10.2014",23106.11
"574","Pulses","Moong Dal","06.11.2014",16511.6
"575","Pulses","Moong Dal","07.08.2014",19592.25
"576","Pulses","Moong Dal","07.09.2014",28905.25
"577","Pulses","Moong Dal","07.10.2014",22961.87
"578","Pulses","Moong Dal","07.11.2014",14869.38
"579","Pulses","Moong Dal","08.08.2014",10002.25
"580","Pulses","Moong Dal","08.09.2014",18029
"581","Pulses","Moong Dal","08.10.2014",23325.54
"582","Pulses","Moong Dal","08.11.2014",26744.4
"583","Pulses","Moong Dal","09.08.2014",28491.52
"584","Pulses","Moong Dal","09.09.2014",15564.5
"585","Pulses","Moong Dal","09.10.2014",18838.93
"586","Pulses","Moong Dal","09.11.2014",24674.5
"587","Pulses","Moong Dal","10.08.2014",24430.17
"588","Pulses","Moong Dal","10.09.2014",16341.77
"589","Pulses","Moong Dal","10.10.2014",18477.08
"590","Pulses","Moong Dal","10.11.2014",14099.42
"591","Pulses","Moong Dal","11.08.2014",18836.75
"592","Pulses","Moong Dal","11.09.2014",15364.75
"593","Pulses","Moong Dal","11.10.2014",25879.56
"594","Pulses","Moong Dal","11.11.2014",13859.5
"595","Pulses","Moong Dal","12.08.2014",14721.3
"596","Pulses","Moong Dal","12.09.2014",14109.25
"597","Pulses","Moong Dal","12.10.2014",31269.79
"598","Pulses","Moong Dal","12.11.2014",13514.2
"599","Pulses","Moong Dal","13.08.2014",13288.75
"600","Pulses","Moong Dal","13.09.2014",23130.25
"601","Pulses","Moong Dal","13.10.2014",17596.47
"602","Pulses","Moong Dal","13.11.2014",11215.5
"603","Pulses","Moong Dal","14.08.2014",10765
"604","Pulses","Moong Dal","14.09.2014",23666.77
"605","Pulses","Moong Dal","14.10.2014",14890.26
"606","Pulses","Moong Dal","14.11.2014",13011.52
"607","Pulses","Moong Dal","15.08.2014",13562.67
"608","Pulses","Moong Dal","15.09.2014",12761.5
"609","Pulses","Moong Dal","15.10.2014",16432.25
"610","Pulses","Moong Dal","15.11.2014",20480.65
"611","Pulses","Moong Dal","16.08.2014",11455.42
"612","Pulses","Moong Dal","16.09.2014",14531.81
"613","Pulses","Moong Dal","16.10.2014",19443.2
"614","Pulses","Moong Dal","16.11.2014",24862.82
"615","Pulses","Moong Dal","17.08.2014",13212
"616","Pulses","Moong Dal","17.09.2014",11717.1
"617","Pulses","Moong Dal","17.10.2014",9102.64
"618","Pulses","Moong Dal","17.11.2014",12288.5
"619","Pulses","Moong Dal","18.08.2014",9195.67
"620","Pulses","Moong Dal","18.09.2014",11287.75
"621","Pulses","Moong Dal","18.10.2014",20681.94
"622","Pulses","Moong Dal","18.11.2014",13860.95
"623","Pulses","Moong Dal","19.08.2014",8331.5
"624","Pulses","Moong Dal","19.09.2014",11154.25
"625","Pulses","Moong Dal","19.10.2014",27313.15
"626","Pulses","Moong Dal","20.08.2014",7512.25
"627","Pulses","Moong Dal","20.09.2014",15817.54
"628","Pulses","Moong Dal","20.10.2014",14243.75
"629","Pulses","Moong Dal","21.08.2014",7625.02
"630","Pulses","Moong Dal","21.09.2014",19786.54
"631","Pulses","Moong Dal","21.10.2014",16165
"632","Pulses","Moong Dal","22.08.2014",8352.23
"633","Pulses","Moong Dal","22.09.2014",14201.65
"634","Pulses","Moong Dal","22.10.2014",4724.25
"635","Pulses","Moong Dal","23.08.2014",13675.5
"636","Pulses","Moong Dal","23.09.2014",12004.77
"637","Pulses","Moong Dal","23.10.2014",7945
"638","Pulses","Moong Dal","24.08.2014",18474.05
"639","Pulses","Moong Dal","24.09.2014",13514.48
"640","Pulses","Moong Dal","24.10.2014",11182.5
"641","Pulses","Moong Dal","25.08.2014",11723.32
"642","Pulses","Moong Dal","25.09.2014",13791.75
"643","Pulses","Moong Dal","25.10.2014",13156.54
"644","Pulses","Moong Dal","26.08.2014",9588
"645","Pulses","Moong Dal","26.09.2014",11123
"646","Pulses","Moong Dal","26.10.2014",13686.75
"647","Pulses","Moong Dal","27.08.2014",9254.9
"648","Pulses","Moong Dal","27.09.2014",6538.5
"649","Pulses","Moong Dal","27.10.2014",8399.5
"650","Pulses","Moong Dal","28.08.2014",16684.3
"651","Pulses","Moong Dal","28.09.2014",29716.55
"652","Pulses","Moong Dal","28.10.2014",10057.25
"653","Pulses","Moong Dal","29.08.2014",11261.25
"654","Pulses","Moong Dal","29.09.2014",14175.25
"655","Pulses","Moong Dal","29.10.2014",10945.5
"656","Pulses","Moong Dal","30.08.2014",17060.77
"657","Pulses","Moong Dal","30.09.2014",14821.5
"658","Pulses","Moong Dal","30.10.2014",10801.5
"659","Pulses","Moong Dal","31.08.2014",19579.16
"660","Pulses","Moong Dal","31.10.2014",11491.25
"661","Pulses","Other Dals","01.08.2014",11726.4429
"662","Pulses","Other Dals","01.09.2014",13919.476
"663","Pulses","Other Dals","01.10.2014",28063.3834
"664","Pulses","Other Dals","01.11.2014",18033.5837
"665","Pulses","Other Dals","02.08.2014",24585.6502
"666","Pulses","Other Dals","02.09.2014",13494.2458
"667","Pulses","Other Dals","02.10.2014",24086.8975
"668","Pulses","Other Dals","02.11.2014",24570.6064
"669","Pulses","Other Dals","03.08.2014",26787.9664
"670","Pulses","Other Dals","03.09.2014",10694.0529
"671","Pulses","Other Dals","03.10.2014",15472.0183
"672","Pulses","Other Dals","03.11.2014",15440.4046
"673","Pulses","Other Dals","04.08.2014",17695.3609
"674","Pulses","Other Dals","04.09.2014",12890.1909
"675","Pulses","Other Dals","04.10.2014",15679.9224
"676","Pulses","Other Dals","04.11.2014",14699.1519
"677","Pulses","Other Dals","05.08.2014",16929.1669
"678","Pulses","Other Dals","05.09.2014",11717.3254
"679","Pulses","Other Dals","05.10.2014",18214.1305
"680","Pulses","Other Dals","05.11.2014",11908.276
"681","Pulses","Other Dals","06.08.2014",12574.2115
"682","Pulses","Other Dals","06.09.2014",22356.7853
"683","Pulses","Other Dals","06.10.2014",14446.1769
"684","Pulses","Other Dals","06.11.2014",10794.6194
"685","Pulses","Other Dals","07.08.2014",16581.5183
"686","Pulses","Other Dals","07.09.2014",20719.033
"687","Pulses","Other Dals","07.10.2014",11997.6341
"688","Pulses","Other Dals","07.11.2014",9477.314
"689","Pulses","Other Dals","08.08.2014",7129.0098
"690","Pulses","Other Dals","08.09.2014",11640.1125
"691","Pulses","Other Dals","08.10.2014",10018.5474
"692","Pulses","Other Dals","08.11.2014",16977.613
"693","Pulses","Other Dals","09.08.2014",20258.1305
"694","Pulses","Other Dals","09.09.2014",11068.211
"695","Pulses","Other Dals","09.10.2014",11372.9765
"696","Pulses","Other Dals","09.11.2014",18471.9294
"697","Pulses","Other Dals","10.08.2014",18109.095
"698","Pulses","Other Dals","10.09.2014",10286.886
"699","Pulses","Other Dals","10.10.2014",10525.396
"700","Pulses","Other Dals","10.11.2014",8971.946
"701","Pulses","Other Dals","11.08.2014",12909.5514
"702","Pulses","Other Dals","11.09.2014",10162.4879
"703","Pulses","Other Dals","11.10.2014",14929.8604
"704","Pulses","Other Dals","11.11.2014",8540.7854
"705","Pulses","Other Dals","12.08.2014",9393.9761
"706","Pulses","Other Dals","12.09.2014",7470.2565
"707","Pulses","Other Dals","12.10.2014",18409.5106
"708","Pulses","Other Dals","12.11.2014",7192.31
"709","Pulses","Other Dals","13.08.2014",9181.8665
"710","Pulses","Other Dals","13.09.2014",14370.9332
"711","Pulses","Other Dals","13.10.2014",10776.1093
"712","Pulses","Other Dals","13.11.2014",7942.2614
"713","Pulses","Other Dals","14.08.2014",9315.377
"714","Pulses","Other Dals","14.09.2014",16697.2269
"715","Pulses","Other Dals","14.10.2014",8759.9511
"716","Pulses","Other Dals","14.11.2014",8750.2494
"717","Pulses","Other Dals","15.08.2014",12852.985
"718","Pulses","Other Dals","15.09.2014",9111.2503
"719","Pulses","Other Dals","15.10.2014",8727.5195
"720","Pulses","Other Dals","15.11.2014",14001.2042
"721","Pulses","Other Dals","16.08.2014",14155.664
"722","Pulses","Other Dals","16.09.2014",10030.512
"723","Pulses","Other Dals","16.10.2014",8911.757
"724","Pulses","Other Dals","16.11.2014",16525.802
"725","Pulses","Other Dals","17.08.2014",13790.7143
"726","Pulses","Other Dals","17.09.2014",8513.8605
"727","Pulses","Other Dals","17.10.2014",6144.7335
"728","Pulses","Other Dals","17.11.2014",8899.7974
"729","Pulses","Other Dals","18.08.2014",9463.3624
"730","Pulses","Other Dals","18.09.2014",9974.145
"731","Pulses","Other Dals","18.10.2014",13105.3472
"732","Pulses","Other Dals","18.11.2014",9140.346
"733","Pulses","Other Dals","19.08.2014",9110.92
"734","Pulses","Other Dals","19.09.2014",9123.1699
"735","Pulses","Other Dals","19.10.2014",17129.2689
"736","Pulses","Other Dals","20.08.2014",7897.5905
"737","Pulses","Other Dals","20.09.2014",13679.5913
"738","Pulses","Other Dals","20.10.2014",11697.446
"739","Pulses","Other Dals","21.08.2014",7184.1785
"740","Pulses","Other Dals","21.09.2014",16792.9274
"741","Pulses","Other Dals","21.10.2014",11752.5944
"742","Pulses","Other Dals","22.08.2014",7779.1825
"743","Pulses","Other Dals","22.09.2014",11777.6489
"744","Pulses","Other Dals","22.10.2014",4192.814
"745","Pulses","Other Dals","23.08.2014",12170.4949
"746","Pulses","Other Dals","23.09.2014",10138.6015
"747","Pulses","Other Dals","23.10.2014",7274.5036
"748","Pulses","Other Dals","24.08.2014",13500.974
"749","Pulses","Other Dals","24.09.2014",12118.5135
"750","Pulses","Other Dals","24.10.2014",7265.4364
"751","Pulses","Other Dals","25.08.2014",9712.5137
"752","Pulses","Other Dals","25.09.2014",12485.411
"753","Pulses","Other Dals","25.10.2014",10016.2318
"754","Pulses","Other Dals","26.08.2014",9882.8986
"755","Pulses","Other Dals","26.09.2014",11090.8665
"756","Pulses","Other Dals","26.10.2014",12198.92
"757","Pulses","Other Dals","27.08.2014",10599.566
"758","Pulses","Other Dals","27.09.2014",5494.625
"759","Pulses","Other Dals","27.10.2014",7614.7045
"760","Pulses","Other Dals","28.08.2014",31722.0739
"761","Pulses","Other Dals","28.09.2014",20794.346
"762","Pulses","Other Dals","28.10.2014",7847.1812
"763","Pulses","Other Dals","29.08.2014",10970.982
"764","Pulses","Other Dals","29.09.2014",13336.0223
"765","Pulses","Other Dals","29.10.2014",7178.365
"766","Pulses","Other Dals","30.08.2014",11593.545
"767","Pulses","Other Dals","30.09.2014",14986.669
"768","Pulses","Other Dals","30.10.2014",7079.7928
"769","Pulses","Other Dals","31.08.2014",14225.117
"770","Pulses","Other Dals","31.10.2014",7586.194
"771","Pulses","Raw Peanuts","01.08.2014",6882.4356
"772","Pulses","Raw Peanuts","01.09.2014",10265.1941
"773","Pulses","Raw Peanuts","01.10.2014",14747.6097
"774","Pulses","Raw Peanuts","01.11.2014",16182.3914
"775","Pulses","Raw Peanuts","02.08.2014",15525.7115
"776","Pulses","Raw Peanuts","02.09.2014",9862.076
"777","Pulses","Raw Peanuts","02.10.2014",15737.2083
"778","Pulses","Raw Peanuts","02.11.2014",20441.6345
"779","Pulses","Raw Peanuts","03.08.2014",16821.1782
"780","Pulses","Raw Peanuts","03.09.2014",6120.0344
"781","Pulses","Raw Peanuts","03.10.2014",10984.6792
"782","Pulses","Raw Peanuts","03.11.2014",12161.6759
"783","Pulses","Raw Peanuts","04.08.2014",10662.8392
"784","Pulses","Raw Peanuts","04.09.2014",8368.5524
"785","Pulses","Raw Peanuts","04.10.2014",13147.8715
"786","Pulses","Raw Peanuts","04.11.2014",11470.5784
"787","Pulses","Raw Peanuts","05.08.2014",8278.7902
"788","Pulses","Raw Peanuts","05.09.2014",5517.6918
"789","Pulses","Raw Peanuts","05.10.2014",15706.9635
"790","Pulses","Raw Peanuts","05.11.2014",8936.3399
"791","Pulses","Raw Peanuts","06.08.2014",8416.1777
"792","Pulses","Raw Peanuts","06.09.2014",11208.5532
"793","Pulses","Raw Peanuts","06.10.2014",11908.9258
"794","Pulses","Raw Peanuts","06.11.2014",9033.5297
"795","Pulses","Raw Peanuts","07.08.2014",11592.3136
"796","Pulses","Raw Peanuts","07.09.2014",11723.8393
"797","Pulses","Raw Peanuts","07.10.2014",8583.1798
"798","Pulses","Raw Peanuts","07.11.2014",7544.2909
"799","Pulses","Raw Peanuts","08.08.2014",4775.7542
"800","Pulses","Raw Peanuts","08.09.2014",8307.2788
"801","Pulses","Raw Peanuts","08.10.2014",8867.866
"802","Pulses","Raw Peanuts","08.11.2014",14448.343
"803","Pulses","Raw Peanuts","09.08.2014",10173.0905
"804","Pulses","Raw Peanuts","09.09.2014",8430.0895
"805","Pulses","Raw Peanuts","09.10.2014",10724.5344
"806","Pulses","Raw Peanuts","09.11.2014",14949.6273
"807","Pulses","Raw Peanuts","10.08.2014",11903.8427
"808","Pulses","Raw Peanuts","10.09.2014",7831.0505
"809","Pulses","Raw Peanuts","10.10.2014",7880.9595
"810","Pulses","Raw Peanuts","10.11.2014",7982.9575
"811","Pulses","Raw Peanuts","11.08.2014",9206.8414
"812","Pulses","Raw Peanuts","11.09.2014",7317.6683
"813","Pulses","Raw Peanuts","11.10.2014",13414.0504
"814","Pulses","Raw Peanuts","11.11.2014",8111.5769
"815","Pulses","Raw Peanuts","12.08.2014",6727.318
"816","Pulses","Raw Peanuts","12.09.2014",8345.2265
"817","Pulses","Raw Peanuts","12.10.2014",15234.7722
"818","Pulses","Raw Peanuts","12.11.2014",5649.0515
"819","Pulses","Raw Peanuts","13.08.2014",6760.4638
"820","Pulses","Raw Peanuts","13.09.2014",10274.0251
"821","Pulses","Raw Peanuts","13.10.2014",8838.1025
"822","Pulses","Raw Peanuts","13.11.2014",7461.6228
"823","Pulses","Raw Peanuts","14.08.2014",5462.1969
"824","Pulses","Raw Peanuts","14.09.2014",13172.3536
"825","Pulses","Raw Peanuts","14.10.2014",8177.34
"826","Pulses","Raw Peanuts","14.11.2014",6706.6703
"827","Pulses","Raw Peanuts","15.08.2014",5995.2232
"828","Pulses","Raw Peanuts","15.09.2014",8369.748
"829","Pulses","Raw Peanuts","15.10.2014",6922.9585
"830","Pulses","Raw Peanuts","15.11.2014",12483.8177
"831","Pulses","Raw Peanuts","16.08.2014",7373.5725
"832","Pulses","Raw Peanuts","16.09.2014",8908.1923
"833","Pulses","Raw Peanuts","16.10.2014",8579.9585
"834","Pulses","Raw Peanuts","16.11.2014",11762.9591
"835","Pulses","Raw Peanuts","17.08.2014",9226.647
"836","Pulses","Raw Peanuts","17.09.2014",6120.8451
"837","Pulses","Raw Peanuts","17.10.2014",5364.623
"838","Pulses","Raw Peanuts","17.11.2014",7517.1483
"839","Pulses","Raw Peanuts","18.08.2014",5005.7022
"840","Pulses","Raw Peanuts","18.09.2014",7922.0374
"841","Pulses","Raw Peanuts","18.10.2014",10786.0578
"842","Pulses","Raw Peanuts","18.11.2014",6053.8135
"843","Pulses","Raw Peanuts","19.08.2014",5697.6558
"844","Pulses","Raw Peanuts","19.09.2014",6826.18
"845","Pulses","Raw Peanuts","19.10.2014",14281.6792
"846","Pulses","Raw Peanuts","20.08.2014",4386.8458
"847","Pulses","Raw Peanuts","20.09.2014",9343.7944
"848","Pulses","Raw Peanuts","20.10.2014",9958.1024
"849","Pulses","Raw Peanuts","21.08.2014",5276.18
"850","Pulses","Raw Peanuts","21.09.2014",11761.9533
"851","Pulses","Raw Peanuts","21.10.2014",9712.6285
"852","Pulses","Raw Peanuts","22.08.2014",5101.2373
"853","Pulses","Raw Peanuts","22.09.2014",7279.9911
"854","Pulses","Raw Peanuts","22.10.2014",3590.955
"855","Pulses","Raw Peanuts","23.08.2014",8901.8876
"856","Pulses","Raw Peanuts","23.09.2014",6394.2484
"857","Pulses","Raw Peanuts","23.10.2014",5765.0054
"858","Pulses","Raw Peanuts","24.08.2014",8822.6573
"859","Pulses","Raw Peanuts","24.09.2014",9071.2444
"860","Pulses","Raw Peanuts","24.10.2014",5522.6235
"861","Pulses","Raw Peanuts","25.08.2014",5569.0352
"862","Pulses","Raw Peanuts","25.09.2014",9420.2285
"863","Pulses","Raw Peanuts","25.10.2014",8858.339
"864","Pulses","Raw Peanuts","26.08.2014",6002.8468
"865","Pulses","Raw Peanuts","26.09.2014",6506.7559
"866","Pulses","Raw Peanuts","26.10.2014",8371.1965
"867","Pulses","Raw Peanuts","27.08.2014",8012.843
"868","Pulses","Raw Peanuts","27.09.2014",3611.5205
"869","Pulses","Raw Peanuts","27.10.2014",6142.2039
"870","Pulses","Raw Peanuts","28.08.2014",15021.2288
"871","Pulses","Raw Peanuts","28.09.2014",15425.2251
"872","Pulses","Raw Peanuts","28.10.2014",5228.8144
"873","Pulses","Raw Peanuts","29.08.2014",6850.4598
"874","Pulses","Raw Peanuts","29.09.2014",9395.2308
"875","Pulses","Raw Peanuts","29.10.2014",5572.623
"876","Pulses","Raw Peanuts","30.08.2014",7720.9375
"877","Pulses","Raw Peanuts","30.09.2014",10793.6127
"878","Pulses","Raw Peanuts","30.10.2014",5757.8615
"879","Pulses","Raw Peanuts","31.08.2014",9653.787
"880","Pulses","Raw Peanuts","31.10.2014",6461.0999
"881","Pulses","Tur Dal","01.08.2014",28886.445
"882","Pulses","Tur Dal","01.09.2014",37768.0795
"883","Pulses","Tur Dal","01.10.2014",45763.6335
"884","Pulses","Tur Dal","01.11.2014",49068.979
"885","Pulses","Tur Dal","02.08.2014",57464.5305
"886","Pulses","Tur Dal","02.09.2014",37975.088
"887","Pulses","Tur Dal","02.10.2014",54340.638
"888","Pulses","Tur Dal","02.11.2014",64786.768
"889","Pulses","Tur Dal","03.08.2014",58557.9715
"890","Pulses","Tur Dal","03.09.2014",24757.266
"891","Pulses","Tur Dal","03.10.2014",42951.3785
"892","Pulses","Tur Dal","03.11.2014",38255.671
"893","Pulses","Tur Dal","04.08.2014",38251.255
"894","Pulses","Tur Dal","04.09.2014",34973.06
"895","Pulses","Tur Dal","04.10.2014",48486.7274
"896","Pulses","Tur Dal","04.11.2014",40583.704
"897","Pulses","Tur Dal","05.08.2014",36458.922
"898","Pulses","Tur Dal","05.09.2014",28428.346
"899","Pulses","Tur Dal","05.10.2014",53951.83
"900","Pulses","Tur Dal","05.11.2014",27483.216
"901","Pulses","Tur Dal","06.08.2014",28425.1625
"902","Pulses","Tur Dal","06.09.2014",49528.682
"903","Pulses","Tur Dal","06.10.2014",42613.573
"904","Pulses","Tur Dal","06.11.2014",27159.665
"905","Pulses","Tur Dal","07.08.2014",29256.445
"906","Pulses","Tur Dal","07.09.2014",55567.095
"907","Pulses","Tur Dal","07.10.2014",36037.3925
"908","Pulses","Tur Dal","07.11.2014",24766.104
"909","Pulses","Tur Dal","08.08.2014",16003.502
"910","Pulses","Tur Dal","08.09.2014",32378.4
"911","Pulses","Tur Dal","08.10.2014",35669.731
"912","Pulses","Tur Dal","08.11.2014",42266.493
"913","Pulses","Tur Dal","09.08.2014",47550.043
"914","Pulses","Tur Dal","09.09.2014",26771.224
"915","Pulses","Tur Dal","09.10.2014",31769.3185
"916","Pulses","Tur Dal","09.11.2014",44677.612
"917","Pulses","Tur Dal","10.08.2014",42585.0395
"918","Pulses","Tur Dal","10.09.2014",24227.619
"919","Pulses","Tur Dal","10.10.2014",33272.69
"920","Pulses","Tur Dal","10.11.2014",23329.025
"921","Pulses","Tur Dal","11.08.2014",26729.065
"922","Pulses","Tur Dal","11.09.2014",20668.6395
"923","Pulses","Tur Dal","11.10.2014",48082.5535
"924","Pulses","Tur Dal","11.11.2014",25386.873
"925","Pulses","Tur Dal","12.08.2014",22262.654
"926","Pulses","Tur Dal","12.09.2014",22399.275
"927","Pulses","Tur Dal","12.10.2014",56963.8165
"928","Pulses","Tur Dal","12.11.2014",18429.66
"929","Pulses","Tur Dal","13.08.2014",19779.595
"930","Pulses","Tur Dal","13.09.2014",38308.5075
"931","Pulses","Tur Dal","13.10.2014",28585.3765
"932","Pulses","Tur Dal","13.11.2014",22830.8245
"933","Pulses","Tur Dal","14.08.2014",20309.765
"934","Pulses","Tur Dal","14.09.2014",42659.755
"935","Pulses","Tur Dal","14.10.2014",30440.8925
"936","Pulses","Tur Dal","14.11.2014",21940.146
"937","Pulses","Tur Dal","15.08.2014",28882.7775
"938","Pulses","Tur Dal","15.09.2014",19990.243
"939","Pulses","Tur Dal","15.10.2014",24295.584
"940","Pulses","Tur Dal","15.11.2014",30422.592
"941","Pulses","Tur Dal","16.08.2014",25720.5945
"942","Pulses","Tur Dal","16.09.2014",25337.96
"943","Pulses","Tur Dal","16.10.2014",27418.9205
"944","Pulses","Tur Dal","16.11.2014",41614.014
"945","Pulses","Tur Dal","17.08.2014",27990.426
"946","Pulses","Tur Dal","17.09.2014",17254.152
"947","Pulses","Tur Dal","17.10.2014",16483.5
"948","Pulses","Tur Dal","17.11.2014",21858.8495
"949","Pulses","Tur Dal","18.08.2014",20583.126
"950","Pulses","Tur Dal","18.09.2014",19663.0315
"951","Pulses","Tur Dal","18.10.2014",36848.7705
"952","Pulses","Tur Dal","18.11.2014",23857.657
"953","Pulses","Tur Dal","19.08.2014",18601.6115
"954","Pulses","Tur Dal","19.09.2014",17179.7395
"955","Pulses","Tur Dal","19.10.2014",47328.0805
"956","Pulses","Tur Dal","20.08.2014",16647.489
"957","Pulses","Tur Dal","20.09.2014",27038.6
"958","Pulses","Tur Dal","20.10.2014",24318.576
"959","Pulses","Tur Dal","21.08.2014",16579.466
"960","Pulses","Tur Dal","21.09.2014",36251.8435
"961","Pulses","Tur Dal","21.10.2014",36698.48
"962","Pulses","Tur Dal","22.08.2014",16127.256
"963","Pulses","Tur Dal","22.09.2014",18844.6125
"964","Pulses","Tur Dal","22.10.2014",12627.828
"965","Pulses","Tur Dal","23.08.2014",21593.2105
"966","Pulses","Tur Dal","23.09.2014",20290.2915
"967","Pulses","Tur Dal","23.10.2014",16462.949
"968","Pulses","Tur Dal","24.08.2014",25095.934
"969","Pulses","Tur Dal","24.09.2014",16153.302
"970","Pulses","Tur Dal","24.10.2014",18803.06
"971","Pulses","Tur Dal","25.08.2014",16813.708
"972","Pulses","Tur Dal","25.09.2014",18381.0845
"973","Pulses","Tur Dal","25.10.2014",20969.861
"974","Pulses","Tur Dal","26.08.2014",16236.7705
"975","Pulses","Tur Dal","26.09.2014",19562.299
"976","Pulses","Tur Dal","26.10.2014",25644.732
"977","Pulses","Tur Dal","27.08.2014",15685.794
"978","Pulses","Tur Dal","27.09.2014",12492.755
"979","Pulses","Tur Dal","27.10.2014",17673.804
"980","Pulses","Tur Dal","28.08.2014",23156.325
"981","Pulses","Tur Dal","28.09.2014",46924.064
"982","Pulses","Tur Dal","28.10.2014",19210.276
"983","Pulses","Tur Dal","29.08.2014",18973.575
"984","Pulses","Tur Dal","29.09.2014",26309.6605
"985","Pulses","Tur Dal","29.10.2014",18563.676
"986","Pulses","Tur Dal","30.08.2014",28770.192
"987","Pulses","Tur Dal","30.09.2014",26768.377
"988","Pulses","Tur Dal","30.10.2014",17399.4405
"989","Pulses","Tur Dal","31.08.2014",35824.984
"990","Pulses","Tur Dal","31.10.2014",21716.0725
"991","Pulses","Urad Dal","01.08.2014",44124.8925
"992","Pulses","Urad Dal","01.09.2014",67091.219
"993","Pulses","Urad Dal","01.10.2014",69842.872
"994","Pulses","Urad Dal","01.11.2014",76368.47
"995","Pulses","Urad Dal","02.08.2014",97736.2875
"996","Pulses","Urad Dal","02.09.2014",59079.1452
"997","Pulses","Urad Dal","02.10.2014",76221.416
"998","Pulses","Urad Dal","02.11.2014",96055.9824
"999","Pulses","Urad Dal","03.08.2014",91011.0055
"1000","Pulses","Urad Dal","03.09.2014",45558.8745
"1001","Pulses","Urad Dal","03.10.2014",68504.262
"1002","Pulses","Urad Dal","03.11.2014",62387.412
"1003","Pulses","Urad Dal","04.08.2014",65003.537
"1004","Pulses","Urad Dal","04.09.2014",56213.9785
"1005","Pulses","Urad Dal","04.10.2014",75944.564
"1006","Pulses","Urad Dal","04.11.2014",62955.908
"1007","Pulses","Urad Dal","05.08.2014",54950.128
"1008","Pulses","Urad Dal","05.09.2014",51479.7455
"1009","Pulses","Urad Dal","05.10.2014",84767.322
"1010","Pulses","Urad Dal","05.11.2014",46856.992
"1011","Pulses","Urad Dal","06.08.2014",43522.9057
"1012","Pulses","Urad Dal","06.09.2014",85200.7445
"1013","Pulses","Urad Dal","06.10.2014",58344.2921
"1014","Pulses","Urad Dal","06.11.2014",42666.79
"1015","Pulses","Urad Dal","07.08.2014",53264.187
"1016","Pulses","Urad Dal","07.09.2014",89368.2108
"1017","Pulses","Urad Dal","07.10.2014",56058.1481
"1018","Pulses","Urad Dal","07.11.2014",38592.19
"1019","Pulses","Urad Dal","08.08.2014",26709.173
"1020","Pulses","Urad Dal","08.09.2014",55309.8455
"1021","Pulses","Urad Dal","08.10.2014",53997.276
"1022","Pulses","Urad Dal","08.11.2014",67489.02
"1023","Pulses","Urad Dal","09.08.2014",73500.3245
"1024","Pulses","Urad Dal","09.09.2014",48864.9761
"1025","Pulses","Urad Dal","09.10.2014",46085.75
"1026","Pulses","Urad Dal","09.11.2014",70167.3619
"1027","Pulses","Urad Dal","10.08.2014",71982.2428
"1028","Pulses","Urad Dal","10.09.2014",48217.087
"1029","Pulses","Urad Dal","10.10.2014",48494.546
"1030","Pulses","Urad Dal","10.11.2014",35525.94
"1031","Pulses","Urad Dal","11.08.2014",46338.206
"1032","Pulses","Urad Dal","11.09.2014",40845.9299
"1033","Pulses","Urad Dal","11.10.2014",68623.0872
"1034","Pulses","Urad Dal","11.11.2014",33826.748
"1035","Pulses","Urad Dal","12.08.2014",37772.5135
"1036","Pulses","Urad Dal","12.09.2014",36664.2
"1037","Pulses","Urad Dal","12.10.2014",81523.9119
"1038","Pulses","Urad Dal","12.11.2014",27007.64
"1039","Pulses","Urad Dal","13.08.2014",34295.0348
"1040","Pulses","Urad Dal","13.09.2014",55965.88
"1041","Pulses","Urad Dal","13.10.2014",49156
"1042","Pulses","Urad Dal","13.11.2014",33618.898
"1043","Pulses","Urad Dal","14.08.2014",35550.26
"1044","Pulses","Urad Dal","14.09.2014",64813.14
"1045","Pulses","Urad Dal","14.10.2014",37904.4012
"1046","Pulses","Urad Dal","14.11.2014",31550.148
"1047","Pulses","Urad Dal","15.08.2014",45564.044
"1048","Pulses","Urad Dal","15.09.2014",30834.416
"1049","Pulses","Urad Dal","15.10.2014",44663.51
"1050","Pulses","Urad Dal","15.11.2014",54796.1618
"1051","Pulses","Urad Dal","16.08.2014",48992.3545
"1052","Pulses","Urad Dal","16.09.2014",36883.658
"1053","Pulses","Urad Dal","16.10.2014",45065.7358
"1054","Pulses","Urad Dal","16.11.2014",56717.282
"1055","Pulses","Urad Dal","17.08.2014",45185.7361
"1056","Pulses","Urad Dal","17.09.2014",32469.722
"1057","Pulses","Urad Dal","17.10.2014",27874.79
"1058","Pulses","Urad Dal","17.11.2014",35359.77
"1059","Pulses","Urad Dal","18.08.2014",33344.6835
"1060","Pulses","Urad Dal","18.09.2014",31799.64
"1061","Pulses","Urad Dal","18.10.2014",65527.5844
"1062","Pulses","Urad Dal","18.11.2014",31704.65
"1063","Pulses","Urad Dal","19.08.2014",27850.8325
"1064","Pulses","Urad Dal","19.09.2014",32216.128
"1065","Pulses","Urad Dal","19.10.2014",80787.94
"1066","Pulses","Urad Dal","20.08.2014",31157.696
"1067","Pulses","Urad Dal","20.09.2014",52845.6648
"1068","Pulses","Urad Dal","20.10.2014",50005.1
"1069","Pulses","Urad Dal","21.08.2014",26735.451
"1070","Pulses","Urad Dal","21.09.2014",55240.87
"1071","Pulses","Urad Dal","21.10.2014",64240.74
"1072","Pulses","Urad Dal","22.08.2014",28750.488
"1073","Pulses","Urad Dal","22.09.2014",37835.13
"1074","Pulses","Urad Dal","22.10.2014",17017.93
"1075","Pulses","Urad Dal","23.08.2014",42449.008
"1076","Pulses","Urad Dal","23.09.2014",30748.938
"1077","Pulses","Urad Dal","23.10.2014",24990.28
"1078","Pulses","Urad Dal","24.08.2014",53704.729
"1079","Pulses","Urad Dal","24.09.2014",26830.494
"1080","Pulses","Urad Dal","24.10.2014",23418.176
"1081","Pulses","Urad Dal","25.08.2014",34011.5444
"1082","Pulses","Urad Dal","25.09.2014",28880.606
"1083","Pulses","Urad Dal","25.10.2014",30848.614
"1084","Pulses","Urad Dal","26.08.2014",33490.9199
"1085","Pulses","Urad Dal","26.09.2014",29118.984
"1086","Pulses","Urad Dal","26.10.2014",42053.416
"1087","Pulses","Urad Dal","27.08.2014",34365.6615
"1088","Pulses","Urad Dal","27.09.2014",20358.738
"1089","Pulses","Urad Dal","27.10.2014",29189.486
"1090","Pulses","Urad Dal","28.08.2014",51873.775
"1091","Pulses","Urad Dal","28.09.2014",69451.958
"1092","Pulses","Urad Dal","28.10.2014",26274.0212
"1093","Pulses","Urad Dal","29.08.2014",35146.7621
"1094","Pulses","Urad Dal","29.09.2014",42774.1741
"1095","Pulses","Urad Dal","29.10.2014",27867.044
"1096","Pulses","Urad Dal","30.08.2014",49857.6607
"1097","Pulses","Urad Dal","30.09.2014",46401.692
"1098","Pulses","Urad Dal","30.10.2014",26133.466
"1099","Pulses","Urad Dal","31.08.2014",62126.2454
"1100","Pulses","Urad Dal","31.10.2014",30373.176
